lr,loss
0.000001,2.3012
0.000003,2.2987
0.000010,2.2841
0.000030,2.2543
0.000100,2.1987
0.000300,2.0812
0.001000,1.8734
0.003000,1.5621
0.010000,1.1203
0.030000,0.7856
0.100000,0.4321
0.200000,0.3187
0.300000,0.2943
0.400000,0.2812
0.500000,0.2987
0.700000,0.3541
1.000000,0.5214
2.000000,0.9823
3.000000,1.6741
5.000000,2.4312
10.000000,3.1987
